keeper,duplicate,distance
/var/lib/plexmediaserver/Library/videos/Dropbox/Backup/Video/videofile176-2023-02-08-0min-1200x720.mov,/var/lib/plexmediaserver/Library/videos/Dropbox/Camera Uploads/2022-10-07 05.48.16.mov,0
/var/lib/plexmediaserver/Library/videos/Dropbox/Backup/Video/videofile176-2023-02-08-0min-1200x720.mov,/var/lib/plexmediaserver/Library/videos/video_1200x720_74.7M_0min58sec_3.mp4,0
/var/lib/plexmediaserver/Library/videos/Dropbox/Backup/Video/videofile167-2019-05-18-0min-1920x1080.mov,/var/lib/plexmediaserver/Library/videos/video_1920x1080_53.6M_0min20sec_3.mp4,0
/var/lib/plexmediaserver/Library/videos/Dropbox/Backup/Video/videofile171-2021-12-24-14min-1920x1080.mov,/var/lib/plexmediaserver/Library/videos/azurebackup/immich-app/library/library/admin/2021/Dec/video_1920x1080_851.0M_14min_2.mp4,7
/var/lib/plexmediaserver/Library/videos/Dropbox/Backup/Video/videofile171-2021-12-24-14min-1920x1080.mov,/var/lib/plexmediaserver/Library/videos/video_1280x720_336.3M_14min.mp4,9
/var/lib/plexmediaserver/Library/videos/Dropbox/Backup/Video/videofile171-2021-12-24-14min-1920x1080.mov,/var/lib/plexmediaserver/Library/videos/video_1920x1080_851.0M_14min.mp4,0
/var/lib/plexmediaserver/Library/videos/Dropbox/Backup/Video/videofile171-2021-12-24-14min-1920x1080.mov,/var/lib/plexmediaserver/Library/videos/video_1920x1080_851.0M_14min_2.mp4,7
/var/lib/plexmediaserver/Library/videos/Dropbox/Backup/Video/videofile168-2019-06-23-0min-1920x1080.mov,/var/lib/plexmediaserver/Library/videos/video_1920x1080_41.6M_0min15sec.mp4,0
/var/lib/plexmediaserver/Library/videos/Dropbox/Backup/Video/videofile169-2019-06-23-0min-1920x1080.mov,/var/lib/plexmediaserver/Library/videos/video_1920x1080_94.2M_0min33sec.mp4,0
/var/lib/plexmediaserver/Library/videos/Dropbox/Backup/Video/videofile178-2023-08-06-2min-1280x720.mov,/var/lib/plexmediaserver/Library/videos/video_1280x720_38.3M_2min10sec_2.mp4,0
/var/lib/plexmediaserver/Library/videos/Dropbox/Backup/Video/videofile174-2022-05-02-2min-3840x2160.mov,/var/lib/plexmediaserver/Library/videos/video_3840x2160_2.1G_2min40sec_4.mp4,0
/var/lib/plexmediaserver/Library/videos/azurebackup/immich-app/library/library/admin/2022/Apr/video_3840x2160_2.3G_4min10sec_3.mp4,/var/lib/plexmediaserver/Library/videos/Dropbox/Backup/Video/videofile173-2022-04-07-3min-3840x2160.mov,4
/var/lib/plexmediaserver/Library/videos/azurebackup/immich-app/library/library/admin/2022/Apr/video_3840x2160_2.3G_4min10sec_3.mp4,/var/lib/plexmediaserver/Library/videos/azurebackup/immich-app/library/library/admin/2022/Apr/video_3840x2160_2.1G_3min41sec.mp4,4
/var/lib/plexmediaserver/Library/videos/azurebackup/immich-app/library/library/admin/2022/Apr/video_3840x2160_2.3G_4min10sec_3.mp4,/var/lib/plexmediaserver/Library/videos/video_1280x720_88.8M_3min41sec_3.mp4,5
/var/lib/plexmediaserver/Library/videos/azurebackup/immich-app/library/library/admin/2022/Apr/video_3840x2160_2.3G_4min10sec_3.mp4,/var/lib/plexmediaserver/Library/videos/video_3840x2160_2.3G_4min10sec_3.mp4,0
/var/lib/plexmediaserver/Library/videos/azurebackup/immich-app/library/library/admin/2022/Apr/video_3840x2160_2.3G_4min10sec_3.mp4,/var/lib/plexmediaserver/Library/videos/video_3840x2160_2.1G_3min41sec.mp4,4
/var/lib/plexmediaserver/Library/videos/video_1280x720_7.0M_0min16sec.mp4,/var/lib/plexmediaserver/Library/videos/Dropbox/Backup/Video/videofile170-2021-12-24-0min-3840x2160.mov,6
/var/lib/plexmediaserver/Library/videos/video_1280x720_7.0M_0min16sec.mp4,/var/lib/plexmediaserver/Library/videos/azurebackup/immich-app/library/library/admin/2021/Dec/video_3840x2160_215.2M_0min16sec.mp4,6
/var/lib/plexmediaserver/Library/videos/video_1280x720_7.0M_0min16sec.mp4,/var/lib/plexmediaserver/Library/videos/video_3840x2160_215.2M_0min16sec.mp4,6
/var/lib/plexmediaserver/Library/videos/video_1280x720_160.6M_6min.mp4,/var/lib/plexmediaserver/Library/videos/Dropbox/Backup/Video/videofile179-2023-10-21-6min-1920x1080.mov,3
/var/lib/plexmediaserver/Library/videos/video_1280x720_160.6M_6min.mp4,/var/lib/plexmediaserver/Library/videos/Dropbox/Camera Uploads/2023-10-20 21.02.38.mov,3
/var/lib/plexmediaserver/Library/videos/video_1280x720_160.6M_6min.mp4,/var/lib/plexmediaserver/Library/videos/video_1920x1080_851.9M_6min_2.mp4,3
/var/lib/plexmediaserver/Library/videos/Dropbox/Backup/Video/videofile177-2023-06-01-0min-3840x2160.mov,/var/lib/plexmediaserver/Library/videos/video_3840x2160_51.3M_0min11sec_2.mp4,0
/var/lib/plexmediaserver/Library/videos/Dropbox/Camera Uploads/2021-02-08 14.00.06.mov,/var/lib/plexmediaserver/Library/videos/azurebackup/immich-app/library/library/admin/2021/Feb/video_1920x1440_5.5M_0min2sec_2.mp4,0
/var/lib/plexmediaserver/Library/videos/Dropbox/Camera Uploads/2021-02-08 14.00.06.mov,/var/lib/plexmediaserver/Library/videos/video_1920x1440_5.5M_0min2sec_2.mp4,0
/var/lib/plexmediaserver/Library/videos/Dropbox/Camera Uploads/2023-06-10 21.06.08.mov,/var/lib/plexmediaserver/Library/videos/Dropbox/Camera Uploads/2023-06-10 21.06.09.mov,8
/var/lib/plexmediaserver/Library/videos/Dropbox/Camera Uploads/2022-10-11 17.01.35.mov,/var/lib/plexmediaserver/Library/videos/video_1920x1440_5.6M_0min2sec.mp4,0
/var/lib/plexmediaserver/Library/videos/Dropbox/Camera Uploads/2023-06-15 11.27.30.mov,/var/lib/plexmediaserver/Library/videos/video_1920x1440_5.7M_0min2sec.mp4,0
/var/lib/plexmediaserver/Library/videos/video_1920x1440_6.8M_0min2sec.mp4,/var/lib/plexmediaserver/Library/videos/Dropbox/Camera Uploads/2023-09-24 11.43.28.mov,1
/var/lib/plexmediaserver/Library/videos/Dropbox/Camera Uploads/2024-01-22 20.20.18-1.mov,/var/lib/plexmediaserver/Library/videos/Dropbox/Camera Uploads/2024-01-22 20.20.18.mov,0
/var/lib/plexmediaserver/Library/videos/Dropbox/Camera Uploads/2023-12-16 02.42.29.mov,/var/lib/plexmediaserver/Library/videos/video_1280x720_10.0M_0min24sec.mp4,1
/var/lib/plexmediaserver/Library/videos/Dropbox/Camera Uploads/2023-12-16 02.42.29.mov,/var/lib/plexmediaserver/Library/videos/video_3840x2160_151.1M_0min24sec_3.mp4,0
/var/lib/plexmediaserver/Library/videos/Dropbox/Camera Uploads/2023-12-22 00.42.40.mov,/var/lib/plexmediaserver/Library/videos/video_3840x2160_38.8M_0min6sec.mp4,0
/var/lib/plexmediaserver/Library/videos/Dropbox/Camera Uploads/2023-12-16 02.42.11.mov,/var/lib/plexmediaserver/Library/videos/video_3840x2160_83.2M_0min10sec.mp4,0
/var/lib/plexmediaserver/Library/videos/video_1280x720_50.4M_2min5sec.mp4,/var/lib/plexmediaserver/Library/videos/Dropbox/Camera Uploads/2024-01-18 12.57.54.mov,1
/var/lib/plexmediaserver/Library/videos/video_1280x720_50.4M_2min5sec.mp4,/var/lib/plexmediaserver/Library/videos/video_3840x2160_784.2M_2min5sec_3.mp4,1
/var/lib/plexmediaserver/Library/videos/Dropbox/Camera Uploads/2024-01-24 00.14.21.mov,/var/lib/plexmediaserver/Library/videos/video_3840x2160_120.0M_0min20sec.mp4,0
/var/lib/plexmediaserver/Library/videos/video_1280x720_115.2M_4min49sec_2.mp4,/var/lib/plexmediaserver/Library/videos/Dropbox/Camera Uploads/2024-01-29 06.15.44.mov,0
/var/lib/plexmediaserver/Library/videos/video_1280x720_115.2M_4min49sec_2.mp4,/var/lib/plexmediaserver/Library/videos/video_1920x1080_314.1M_4min49sec.mp4,0
/var/lib/plexmediaserver/Library/videos/video_1280x720_159.4M_6min_2.mp4,/var/lib/plexmediaserver/Library/videos/Dropbox/Camera Uploads/2024-01-29 06.20.45.mov,0
/var/lib/plexmediaserver/Library/videos/video_1280x720_159.4M_6min_2.mp4,/var/lib/plexmediaserver/Library/videos/video_1920x1080_857.0M_6min.mp4,0
/var/lib/plexmediaserver/Library/videos/Dropbox/Camera Uploads/2024-03-07 21.57.14.mov,/var/lib/plexmediaserver/Library/videos/Dropbox/Camera Uploads/2024-03-07 21.57.13.mov,0
/var/lib/plexmediaserver/Library/videos/Dropbox/Camera Uploads/2024-03-04 20.38.19.mov,/var/lib/plexmediaserver/Library/videos/video_3840x2160_786.1M_0min8sec.mp4,0
/var/lib/plexmediaserver/Library/videos/Dropbox/Camera Uploads/2024-03-22 18.17.35.mov,/var/lib/plexmediaserver/Library/videos/video_1920x1440_5.5M_0min2sec.mp4,0
/var/lib/plexmediaserver/Library/videos/Dropbox/Camera Uploads/2024-03-23 13.42.31.mov,/var/lib/plexmediaserver/Library/videos/Dropbox/Camera Uploads/2024-03-23 13.42.32.mov,1
/var/lib/plexmediaserver/Library/videos/Dropbox/Camera Uploads/2024-03-17 09.08.14.mov,/var/lib/plexmediaserver/Library/videos/video_3840x2160_225.1M_0min36sec.mp4,0
/var/lib/plexmediaserver/Library/videos/Dropbox/Camera Uploads/2024-05-02 12.21.37.mov,/var/lib/plexmediaserver/Library/videos/video_1280x720_9.6M_0min31sec_4.mp4,0
/var/lib/plexmediaserver/Library/videos/video_1920x1440_6.9M_0min7sec.mp4,/var/lib/plexmediaserver/Library/videos/Dropbox/Camera Uploads/2024-05-04 20.04.40.mov,5
/var/lib/plexmediaserver/Library/videos/video_1920x1440_6.9M_0min7sec.mp4,/var/lib/plexmediaserver/Library/videos/video_1920x1440_6.1M_0min7sec.mp4,5
/var/lib/plexmediaserver/Library/videos/Dropbox/Camera Uploads/2024-05-04 19.01.56.mov,/var/lib/plexmediaserver/Library/videos/video_3840x2160_232.9M_0min2sec.mp4,0
/var/lib/plexmediaserver/Library/videos/Dropbox/Camera Uploads/2024-05-04 19.02.09.mov,/var/lib/plexmediaserver/Library/videos/video_3840x2160_408.7M_0min4sec.mp4,0
/var/lib/plexmediaserver/Library/videos/Dropbox/Camera Uploads/2024-05-04 19.02.29.mov,/var/lib/plexmediaserver/Library/videos/video_3840x2160_957.5M_0min10sec.mp4,0
/var/lib/plexmediaserver/Library/videos/Dropbox/Camera Uploads/2024-05-20 20.08.02.mov,/var/lib/plexmediaserver/Library/videos/video_1920x1440_6.2M_0min2sec.mp4,0
/var/lib/plexmediaserver/Library/videos/Dropbox/Camera Uploads/2024-05-24 13.36.13.mov,/var/lib/plexmediaserver/Library/videos/video_2484x1398_37.0M_0min15sec.mp4,0
/var/lib/plexmediaserver/Library/videos/Dropbox/Camera Uploads/2024-05-30 04.24.27.mov,/var/lib/plexmediaserver/Library/videos/video_3840x2160_74.2M_0min33sec.mp4,0
/var/lib/plexmediaserver/Library/videos/Dropbox/Camera Uploads/2024-05-30 04.23.35.mov,/var/lib/plexmediaserver/Library/videos/video_3840x2160_27.0M_0min4sec.mp4,0
/var/lib/plexmediaserver/Library/videos/Dropbox/Camera Uploads/2024-05-30 04.59.29.mov,/var/lib/plexmediaserver/Library/videos/video_3840x2160_176.8M_0min2sec.mp4,0
/var/lib/plexmediaserver/Library/videos/Dropbox/Camera Uploads/2024-05-30 04.58.55.mov,/var/lib/plexmediaserver/Library/videos/video_3840x2160_2.5G_0min30sec.mp4,0
/var/lib/plexmediaserver/Library/videos/Dropbox/Camera Uploads/2024-10-06 10.20.19.mov,/var/lib/plexmediaserver/Library/videos/Dropbox/Camera Uploads/2024-06-10 06.36.50.mov,8
/var/lib/plexmediaserver/Library/videos/Dropbox/Camera Uploads/2024-10-06 10.20.19.mov,/var/lib/plexmediaserver/Library/videos/video_1280x720_10.5M_3min29sec.mp4,8
/var/lib/plexmediaserver/Library/videos/Dropbox/Camera Uploads/2024-10-06 10.20.19.mov,/var/lib/plexmediaserver/Library/videos/video_1920x1440_94.6M_9min_2.mp4,8
/var/lib/plexmediaserver/Library/videos/Dropbox/Camera Uploads/2024-05-30 04.57.16.mov,/var/lib/plexmediaserver/Library/videos/video_3840x2160_27.9M_0min4sec.mp4,0
/var/lib/plexmediaserver/Library/videos/video_1920x1440_6.6M_0min2sec.mp4,/var/lib/plexmediaserver/Library/videos/Dropbox/Camera Uploads/2024-06-13 18.27.48.mov,0
/var/lib/plexmediaserver/Library/videos/Dropbox/Camera Uploads/2024-06-17 20.18.26.mov,/var/lib/plexmediaserver/Library/videos/video_1920x1440_6.2M_0min2sec_2.mp4,1
/var/lib/plexmediaserver/Library/videos/Dropbox/Camera Uploads/2024-06-11 07.42.10.mov,/var/lib/plexmediaserver/Library/videos/video_3840x2160_2.3G_5min36sec.mp4,0
/var/lib/plexmediaserver/Library/videos/video_1080x1920_19.4M_0min52sec_4.mp4,/var/lib/plexmediaserver/Library/videos/Dropbox/Camera Uploads/2024-07-23 09.09.13.mov,4
/var/lib/plexmediaserver/Library/videos/video_1080x1920_19.4M_0min52sec_4.mp4,/var/lib/plexmediaserver/Library/videos/video_1080x1920_42.3M_0min52sec.mp4,4
/var/lib/plexmediaserver/Library/videos/video_1080x1920_19.4M_0min52sec_4.mp4,/var/lib/plexmediaserver/Library/videos/video_1080x1920_72.9M_0min52sec_3.mp4,4
/var/lib/plexmediaserver/Library/videos/video_1080x1920_19.4M_0min52sec_4.mp4,/var/lib/plexmediaserver/Library/videos/video_404x720_21.1M_0min52sec_2.mp4,0
/var/lib/plexmediaserver/Library/videos/video_1080x1920_19.4M_0min52sec_4.mp4,/var/lib/plexmediaserver/Library/videos/video_720x1280_21.7M_0min52sec_3.mp4,4
/var/lib/plexmediaserver/Library/videos/IMG_0891.mov,/var/lib/plexmediaserver/Library/videos/Dropbox/Camera Uploads/2024-09-20 02.21.11.mov,6
/var/lib/plexmediaserver/Library/videos/IMG_0892.mov,/var/lib/plexmediaserver/Library/videos/Dropbox/Camera Uploads/2024-09-20 02.22.40.mov,4
/var/lib/plexmediaserver/Library/videos/IMG_0894.mov,/var/lib/plexmediaserver/Library/videos/Dropbox/Camera Uploads/2024-09-20 02.25.06.mov,7
/var/lib/plexmediaserver/Library/videos/IMG_0893.mov,/var/lib/plexmediaserver/Library/videos/Dropbox/Camera Uploads/2024-09-20 02.24.43.mov,7
/var/lib/plexmediaserver/Library/videos/Dropbox/Camera Uploads/2024-08-15 17.10.04.mov,/var/lib/plexmediaserver/Library/videos/video_3840x2160_376.1M_1min0sec.mp4,0
/var/lib/plexmediaserver/Library/videos/Dropbox/Camera Uploads/2024-08-26 06.14.02.mov,/var/lib/plexmediaserver/Library/videos/video_3840x2160_507.5M_2min39sec.mp4,0
/var/lib/plexmediaserver/Library/videos/Dropbox/Camera Uploads/2024-08-26 06.14.02.mov,/var/lib/plexmediaserver/Library/videos/video_3840x2160_896.2M_2min39sec.mp4,4
/var/lib/plexmediaserver/Library/videos/video_1080x1920_1.2G_19min_2.mp4,/var/lib/plexmediaserver/Library/videos/azurebackup/immich-app/library/encoded-video/b1589962-71a6-4cda-80f0-05ba33d77379/09/43/0943322e-b016-4018-be6b-a182dc21f969.mp4,0
/var/lib/plexmediaserver/Library/videos/video_1080x1920_1.2G_19min_2.mp4,/var/lib/plexmediaserver/Library/videos/video_1080x1920_1.1G_19min_2.mp4,1
/var/lib/plexmediaserver/Library/videos/video_1080x1920_1.2G_19min_2.mp4,/var/lib/plexmediaserver/Library/videos/video_720x1280_542.7M_19min_3.mp4,1
/var/lib/plexmediaserver/Library/videos/video_1080x1920_1.2G_19min_2.mp4,/var/lib/plexmediaserver/Library/videos/video_720x1280_609.3M_19min_3.mp4,0
/var/lib/plexmediaserver/Library/videos/azurebackup/immich-app/library/library/admin/2014/Apr/video_1920x1080_39.2M_0min19sec.mp4,/var/lib/plexmediaserver/Library/videos/video_1920x1080_39.2M_0min19sec.mp4,0
/var/lib/plexmediaserver/Library/videos/azurebackup/immich-app/library/library/admin/2017/Dec/video_640x360_12.7M_3min52sec_3.mp4,/var/lib/plexmediaserver/Library/videos/video_640x360_12.7M_3min52sec_3.mp4,0
/var/lib/plexmediaserver/Library/videos/azurebackup/immich-app/library/library/admin/2017/May/video_1920x1080_16.1M_0min15sec.mp4,/var/lib/plexmediaserver/Library/videos/video_1920x1080_16.1M_0min15sec.mp4,0
/var/lib/plexmediaserver/Library/videos/azurebackup/immich-app/library/library/admin/2017/Mar/video_1920x1080_63.5M_0min26sec.mp4,/var/lib/plexmediaserver/Library/videos/video_1920x1080_63.5M_0min26sec.mp4,0
/var/lib/plexmediaserver/Library/videos/azurebackup/immich-app/library/library/admin/2017/Jun/video_1920x1080_74.6M_0min25sec.mp4,/var/lib/plexmediaserver/Library/videos/video_1920x1080_74.6M_0min25sec.mp4,0
/var/lib/plexmediaserver/Library/videos/azurebackup/immich-app/library/library/admin/2017/May/video_1920x1080_80.5M_0min27sec.mp4,/var/lib/plexmediaserver/Library/videos/video_1920x1080_80.5M_0min27sec.mp4,0
/var/lib/plexmediaserver/Library/videos/azurebackup/immich-app/library/library/admin/2017/Sep/video_1920x1080_17.6M_0min5sec.mp4,/var/lib/plexmediaserver/Library/videos/video_1920x1080_17.6M_0min5sec.mp4,0
/var/lib/plexmediaserver/Library/videos/azurebackup/immich-app/library/library/admin/2018/Apr/video_1920x1080_17.7M_0min11sec.mp4,/var/lib/plexmediaserver/Library/videos/video_1920x1080_17.7M_0min11sec.mp4,0
/var/lib/plexmediaserver/Library/videos/azurebackup/immich-app/library/library/admin/2018/Apr/video_1920x1080_42.7M_0min14sec.mp4,/var/lib/plexmediaserver/Library/videos/video_1920x1080_42.7M_0min14sec.mp4,0
/var/lib/plexmediaserver/Library/videos/azurebackup/immich-app/library/library/admin/2018/Aug/video_1920x1080_18.3M_0min6sec.mp4,/var/lib/plexmediaserver/Library/videos/video_1920x1080_18.3M_0min6sec.mp4,0
/var/lib/plexmediaserver/Library/videos/azurebackup/immich-app/library/library/admin/2018/Aug/video_1920x1080_25.1M_0min8sec_2.mp4,/var/lib/plexmediaserver/Library/videos/video_1920x1080_25.1M_0min8sec_2.mp4,0
/var/lib/plexmediaserver/Library/videos/azurebackup/immich-app/library/library/admin/2018/Aug/video_1920x1080_26.6M_0min9sec_2.mp4,/var/lib/plexmediaserver/Library/videos/video_1920x1080_26.6M_0min9sec_2.mp4,0
/var/lib/plexmediaserver/Library/videos/azurebackup/immich-app/library/library/admin/2018/Aug/video_1920x1080_43.3M_0min15sec.mp4,/var/lib/plexmediaserver/Library/videos/video_1920x1080_43.3M_0min15sec.mp4,0
/var/lib/plexmediaserver/Library/videos/azurebackup/immich-app/library/library/admin/2018/Dec/video_640x360_32.9M_10min.mp4,/var/lib/plexmediaserver/Library/videos/video_640x360_32.9M_10min.mp4,0
/var/lib/plexmediaserver/Library/videos/azurebackup/immich-app/library/library/admin/2018/Aug/video_1920x1080_49.3M_0min17sec.mp4,/var/lib/plexmediaserver/Library/videos/video_1920x1080_49.3M_0min17sec.mp4,0
/var/lib/plexmediaserver/Library/videos/azurebackup/immich-app/library/library/admin/2018/Dec/video_1920x1080_61.4M_0min42sec_2.mp4,/var/lib/plexmediaserver/Library/videos/video_1920x1080_61.4M_0min42sec_2.mp4,0
/var/lib/plexmediaserver/Library/videos/azurebackup/immich-app/library/library/admin/2018/Dec/video_1920x1080_31.7M_0min10sec_2.mp4,/var/lib/plexmediaserver/Library/videos/video_1920x1080_31.7M_0min10sec_2.mp4,0
/var/lib/plexmediaserver/Library/videos/azurebackup/immich-app/library/library/admin/2018/Jul/video_1920x1080_19.2M_0min6sec_2.mp4,/var/lib/plexmediaserver/Library/videos/video_1920x1080_19.2M_0min6sec_2.mp4,0
/var/lib/plexmediaserver/Library/videos/azurebackup/immich-app/library/library/admin/2018/Jul/video_1920x1080_31.2M_0min10sec.mp4,/var/lib/plexmediaserver/Library/videos/video_1920x1080_31.2M_0min10sec.mp4,0
/var/lib/plexmediaserver/Library/videos/azurebackup/immich-app/library/library/admin/2018/Jul/video_1920x1080_32.0M_0min11sec.mp4,/var/lib/plexmediaserver/Library/videos/video_1920x1080_32.0M_0min11sec.mp4,0
/var/lib/plexmediaserver/Library/videos/azurebackup/immich-app/library/library/admin/2018/Jun/video_1920x1080_17.7M_0min6sec.mp4,/var/lib/plexmediaserver/Library/videos/video_1920x1080_17.7M_0min6sec.mp4,0
/var/lib/plexmediaserver/Library/videos/azurebackup/immich-app/library/library/admin/2018/Jun/video_1920x1080_24.9M_0min8sec.mp4,/var/lib/plexmediaserver/Library/videos/video_1920x1080_24.9M_0min8sec.mp4,0
/var/lib/plexmediaserver/Library/videos/azurebackup/immich-app/library/library/admin/2018/Jun/video_1920x1080_247.6M_1min26sec.mp4,/var/lib/plexmediaserver/Library/videos/video_1920x1080_247.6M_1min26sec.mp4,0
/var/lib/plexmediaserver/Library/videos/azurebackup/immich-app/library/library/admin/2018/Jun/video_1920x1080_45.4M_0min19sec.mp4,/var/lib/plexmediaserver/Library/videos/video_1920x1080_45.4M_0min19sec.mp4,0
/var/lib/plexmediaserver/Library/videos/azurebackup/immich-app/library/library/admin/2018/Jun/video_1920x1080_47.4M_0min15sec.mp4,/var/lib/plexmediaserver/Library/videos/video_1920x1080_47.4M_0min15sec.mp4,0
/var/lib/plexmediaserver/Library/videos/azurebackup/immich-app/library/library/admin/2018/Jun/video_1920x1080_35.1M_0min11sec.mp4,/var/lib/plexmediaserver/Library/videos/video_1920x1080_35.1M_0min11sec.mp4,0
/var/lib/plexmediaserver/Library/videos/azurebackup/immich-app/library/library/admin/2018/Jun/video_1920x1080_67.4M_0min24sec.mp4,/var/lib/plexmediaserver/Library/videos/video_1920x1080_67.4M_0min24sec.mp4,0
/var/lib/plexmediaserver/Library/videos/azurebackup/immich-app/library/library/admin/2018/Jun/video_1920x1080_60.5M_0min21sec.mp4,/var/lib/plexmediaserver/Library/videos/video_1920x1080_60.5M_0min21sec.mp4,0
/var/lib/plexmediaserver/Library/videos/azurebackup/immich-app/library/library/admin/2018/Jun/video_1920x1080_79.3M_0min27sec.mp4,/var/lib/plexmediaserver/Library/videos/video_1920x1080_79.3M_0min27sec.mp4,0
/var/lib/plexmediaserver/Library/videos/azurebackup/immich-app/library/library/admin/2018/May/video_1920x1080_19.2M_0min6sec_4.mp4,/var/lib/plexmediaserver/Library/videos/video_1920x1080_19.2M_0min6sec_4.mp4,0
/var/lib/plexmediaserver/Library/videos/azurebackup/immich-app/library/library/admin/2018/May/video_1920x1080_30.3M_0min11sec_2.mp4,/var/lib/plexmediaserver/Library/videos/video_1920x1080_30.3M_0min11sec_2.mp4,0
/var/lib/plexmediaserver/Library/videos/azurebackup/immich-app/library/library/admin/2018/May/video_1920x1080_35.4M_0min12sec_2.mp4,/var/lib/plexmediaserver/Library/videos/video_1920x1080_35.4M_0min12sec_2.mp4,0
/var/lib/plexmediaserver/Library/videos/azurebackup/immich-app/library/library/admin/2019/Aug/video_1920x1080_19.0M_0min12sec_2.mp4,/var/lib/plexmediaserver/Library/videos/video_1920x1080_19.0M_0min12sec_2.mp4,0
/var/lib/plexmediaserver/Library/videos/azurebackup/immich-app/library/library/admin/2019/Apr/video_1920x1080_87.7M_0min54sec.mp4,/var/lib/plexmediaserver/Library/videos/video_1920x1080_87.7M_0min54sec.mp4,0
/var/lib/plexmediaserver/Library/videos/azurebackup/immich-app/library/library/admin/2019/Dec/video_1920x1080_243.3M_2min5sec.mp4,/var/lib/plexmediaserver/Library/videos/video_1920x1080_243.3M_2min5sec.mp4,0
/var/lib/plexmediaserver/Library/videos/azurebackup/immich-app/library/library/admin/2019/Dec/video_1920x1080_60.5M_0min20sec.mp4,/var/lib/plexmediaserver/Library/videos/video_1920x1080_60.5M_0min20sec.mp4,0
/var/lib/plexmediaserver/Library/videos/azurebackup/immich-app/library/library/admin/2019/Feb/video_1920x1080_44.6M_0min15sec_2.mp4,/var/lib/plexmediaserver/Library/videos/video_1920x1080_44.6M_0min15sec_2.mp4,0
/var/lib/plexmediaserver/Library/videos/azurebackup/immich-app/library/library/admin/2019/Jan/video_1080x1920_11.3M_0min15sec_2.mp4,/var/lib/plexmediaserver/Library/videos/video_1080x1920_11.3M_0min15sec_2.mp4,0
/var/lib/plexmediaserver/Library/videos/azurebackup/immich-app/library/library/admin/2019/Jan/video_1920x1080_17.0M_0min7sec_2.mp4,/var/lib/plexmediaserver/Library/videos/video_1920x1080_17.0M_0min7sec_2.mp4,0
/var/lib/plexmediaserver/Library/videos/azurebackup/immich-app/library/library/admin/2019/Jan/video_1920x1080_26.2M_0min12sec_2.mp4,/var/lib/plexmediaserver/Library/videos/video_1920x1080_26.2M_0min12sec_2.mp4,0
/var/lib/plexmediaserver/Library/videos/azurebackup/immich-app/library/library/admin/2019/Jan/video_1920x1080_27.7M_0min9sec.mp4,/var/lib/plexmediaserver/Library/videos/video_1920x1080_27.7M_0min9sec.mp4,0
/var/lib/plexmediaserver/Library/videos/azurebackup/immich-app/library/library/admin/2019/Jan/video_1920x1080_34.3M_0min11sec.mp4,/var/lib/plexmediaserver/Library/videos/video_1920x1080_34.3M_0min11sec.mp4,0
/var/lib/plexmediaserver/Library/videos/azurebackup/immich-app/library/library/admin/2019/Jan/video_1920x1080_75.0M_0min26sec.mp4,/var/lib/plexmediaserver/Library/videos/video_1920x1080_75.0M_0min26sec.mp4,0
/var/lib/plexmediaserver/Library/videos/azurebackup/immich-app/library/library/admin/2019/Jan/video_1920x1080_72.4M_0min24sec.mp4,/var/lib/plexmediaserver/Library/videos/video_1920x1080_72.4M_0min24sec.mp4,0
/var/lib/plexmediaserver/Library/videos/azurebackup/immich-app/library/library/admin/2019/Jul/video_1920x1080_34.1M_0min11sec.mp4,/var/lib/plexmediaserver/Library/videos/video_1920x1080_34.1M_0min11sec.mp4,0
/var/lib/plexmediaserver/Library/videos/azurebackup/immich-app/library/library/admin/2019/Jul/video_1920x1080_70.5M_0min23sec.mp4,/var/lib/plexmediaserver/Library/videos/video_1920x1080_70.5M_0min23sec.mp4,0
/var/lib/plexmediaserver/Library/videos/azurebackup/immich-app/library/library/admin/2020/Apr/video_1920x1080_17.7M_0min13sec.mp4,/var/lib/plexmediaserver/Library/videos/video_1920x1080_17.7M_0min13sec.mp4,0
/var/lib/plexmediaserver/Library/videos/azurebackup/immich-app/library/library/admin/2020/Apr/video_1920x1080_36.3M_0min13sec_2.mp4,/var/lib/plexmediaserver/Library/videos/video_1920x1080_36.3M_0min13sec_2.mp4,0
/var/lib/plexmediaserver/Library/videos/azurebackup/immich-app/library/library/admin/2020/Aug/video_3840x2160_30.3M_0min10sec.mp4,/var/lib/plexmediaserver/Library/videos/video_3840x2160_30.3M_0min10sec.mp4,0
/var/lib/plexmediaserver/Library/videos/azurebackup/immich-app/library/library/admin/2020/Feb/video_1920x1080_36.2M_0min12sec.mp4,/var/lib/plexmediaserver/Library/videos/video_1920x1080_36.2M_0min12sec.mp4,0
/var/lib/plexmediaserver/Library/videos/azurebackup/immich-app/library/library/admin/2020/Dec/video_1920x1080_54.0M_0min4sec.mp4,/var/lib/plexmediaserver/Library/videos/video_1920x1080_54.0M_0min4sec.mp4,0
/var/lib/plexmediaserver/Library/videos/azurebackup/immich-app/library/library/admin/2020/Feb/video_1920x1080_23.7M_0min7sec_2.mp4,/var/lib/plexmediaserver/Library/videos/video_1920x1080_23.7M_0min7sec_2.mp4,0
/var/lib/plexmediaserver/Library/videos/azurebackup/immich-app/library/library/admin/2020/Aug/video_3840x2160_8.9M_0min3sec.mp4,/var/lib/plexmediaserver/Library/videos/video_3840x2160_8.9M_0min3sec.mp4,0
/var/lib/plexmediaserver/Library/videos/azurebackup/immich-app/library/library/admin/2020/Feb/video_1920x1080_40.5M_0min14sec.mp4,/var/lib/plexmediaserver/Library/videos/video_1920x1080_40.5M_0min14sec.mp4,0
/var/lib/plexmediaserver/Library/videos/azurebackup/immich-app/library/library/admin/2020/Dec/video_3840x2160_40.6M_0min6sec_2.mp4,/var/lib/plexmediaserver/Library/videos/video_3840x2160_40.6M_0min6sec_2.mp4,0
/var/lib/plexmediaserver/Library/videos/azurebackup/immich-app/library/library/admin/2020/Feb/video_1920x1080_51.3M_0min16sec_2.mp4,/var/lib/plexmediaserver/Library/videos/video_1920x1080_51.3M_0min16sec_2.mp4,0
/var/lib/plexmediaserver/Library/videos/azurebackup/immich-app/library/library/admin/2020/Dec/video_3840x2160_59.8M_0min12sec.mp4,/var/lib/plexmediaserver/Library/videos/video_3840x2160_59.8M_0min12sec.mp4,0
/var/lib/plexmediaserver/Library/videos/azurebackup/immich-app/library/library/admin/2020/Feb/video_1920x1080_52.3M_0min18sec.mp4,/var/lib/plexmediaserver/Library/videos/video_1920x1080_52.3M_0min18sec.mp4,0
/var/lib/plexmediaserver/Library/videos/azurebackup/immich-app/library/library/admin/2020/Feb/video_1920x1080_51.3M_0min17sec.mp4,/var/lib/plexmediaserver/Library/videos/video_1920x1080_51.3M_0min17sec.mp4,0
/var/lib/plexmediaserver/Library/videos/azurebackup/immich-app/library/library/admin/2020/Jan/video_1920x1080_123.3M_0min41sec.mp4,/var/lib/plexmediaserver/Library/videos/video_1920x1080_123.3M_0min41sec.mp4,0
/var/lib/plexmediaserver/Library/videos/azurebackup/immich-app/library/library/admin/2020/Jan/video_1920x1080_16.5M_0min5sec_2.mp4,/var/lib/plexmediaserver/Library/videos/video_1920x1080_16.5M_0min5sec_2.mp4,0
/var/lib/plexmediaserver/Library/videos/azurebackup/immich-app/library/library/admin/2020/Jan/video_1920x1080_21.7M_0min7sec.mp4,/var/lib/plexmediaserver/Library/videos/video_1920x1080_21.7M_0min7sec.mp4,0
/var/lib/plexmediaserver/Library/videos/azurebackup/immich-app/library/library/admin/2020/Jan/video_1920x1080_26.2M_0min9sec.mp4,/var/lib/plexmediaserver/Library/videos/video_1920x1080_26.2M_0min9sec.mp4,0
/var/lib/plexmediaserver/Library/videos/azurebackup/immich-app/library/library/admin/2020/Jan/video_1920x1080_54.6M_0min18sec.mp4,/var/lib/plexmediaserver/Library/videos/video_1920x1080_54.6M_0min18sec.mp4,0
/var/lib/plexmediaserver/Library/videos/azurebackup/immich-app/library/library/admin/2020/Jan/video_1920x1080_70.3M_0min26sec.mp4,/var/lib/plexmediaserver/Library/videos/video_1920x1080_70.3M_0min26sec.mp4,0
/var/lib/plexmediaserver/Library/videos/azurebackup/immich-app/library/library/admin/2020/Jan/video_1920x1080_97.2M_0min33sec.mp4,/var/lib/plexmediaserver/Library/videos/video_1920x1080_97.2M_0min33sec.mp4,0
/var/lib/plexmediaserver/Library/videos/azurebackup/immich-app/library/library/admin/2021/Aug/video_1280x720_110.4M_1min22sec.mp4,/var/lib/plexmediaserver/Library/videos/video_1280x720_110.4M_1min22sec.mp4,0
/var/lib/plexmediaserver/Library/videos/azurebackup/immich-app/library/library/admin/2021/Aug/video_1920x1080_124.0M_1min5sec.mp4,/var/lib/plexmediaserver/Library/videos/video_1920x1080_124.0M_1min5sec.mp4,0
/var/lib/plexmediaserver/Library/videos/azurebackup/immich-app/library/library/admin/2021/Aug/video_1920x1080_44.1M_0min25sec_2.mp4,/var/lib/plexmediaserver/Library/videos/video_1920x1080_44.1M_0min25sec_2.mp4,0
/var/lib/plexmediaserver/Library/videos/video_1280x720_12.6M_0min32sec_3.mp4,/var/lib/plexmediaserver/Library/videos/azurebackup/immich-app/library/library/admin/2021/Dec/video_1920x1080_31.3M_0min32sec.mp4,1
/var/lib/plexmediaserver/Library/videos/video_1280x720_12.6M_0min32sec_3.mp4,/var/lib/plexmediaserver/Library/videos/video_1920x1080_31.3M_0min32sec.mp4,1
/var/lib/plexmediaserver/Library/videos/video_1280x720_21.7M_0min53sec_3.mp4,/var/lib/plexmediaserver/Library/videos/azurebackup/immich-app/library/library/admin/2021/Dec/video_1920x1080_115.3M_0min53sec.mp4,1
/var/lib/plexmediaserver/Library/videos/video_1280x720_21.7M_0min53sec_3.mp4,/var/lib/plexmediaserver/Library/videos/video_1278x720_57.1M_0min53sec_2.mp4,0
/var/lib/plexmediaserver/Library/videos/video_1280x720_21.7M_0min53sec_3.mp4,/var/lib/plexmediaserver/Library/videos/video_1920x1080_115.3M_0min53sec.mp4,1
/var/lib/plexmediaserver/Library/videos/video_1280x720_46.0M_1min55sec_4.mp4,/var/lib/plexmediaserver/Library/videos/azurebackup/immich-app/library/library/admin/2021/Dec/video_3840x2160_1.5G_1min55sec_2.mp4,1
/var/lib/plexmediaserver/Library/videos/video_1280x720_46.0M_1min55sec_4.mp4,/var/lib/plexmediaserver/Library/videos/video_3840x2160_1.5G_1min55sec_2.mp4,1
/var/lib/plexmediaserver/Library/videos/video_1280x720_6.0M_0min13sec_6.mp4,/var/lib/plexmediaserver/Library/videos/azurebackup/immich-app/library/library/admin/2021/Dec/video_3840x2160_169.5M_0min13sec.mp4,4
/var/lib/plexmediaserver/Library/videos/video_1280x720_6.0M_0min13sec_6.mp4,/var/lib/plexmediaserver/Library/videos/video_3840x2160_169.5M_0min13sec.mp4,4
/var/lib/plexmediaserver/Library/videos/azurebackup/immich-app/library/library/admin/2021/Dec/video_3840x2160_170.7M_0min13sec.mp4,/var/lib/plexmediaserver/Library/videos/video_3840x2160_170.7M_0min13sec.mp4,0
/var/lib/plexmediaserver/Library/videos/video_1280x720_10.2M_0min25sec_2.mp4,/var/lib/plexmediaserver/Library/videos/azurebackup/immich-app/library/library/admin/2021/Dec/video_3840x2160_255.8M_0min24sec.mp4,4
/var/lib/plexmediaserver/Library/videos/video_1280x720_10.2M_0min25sec_2.mp4,/var/lib/plexmediaserver/Library/videos/video_3840x2160_255.8M_0min24sec.mp4,4
/var/lib/plexmediaserver/Library/videos/video_1280x720_17.7M_0min43sec_4.mp4,/var/lib/plexmediaserver/Library/videos/azurebackup/immich-app/library/library/admin/2021/Dec/video_3840x2160_581.2M_0min43sec.mp4,7
/var/lib/plexmediaserver/Library/videos/video_1280x720_17.7M_0min43sec_4.mp4,/var/lib/plexmediaserver/Library/videos/video_1280x720_17.7M_0min43sec_2.mp4,1
/var/lib/plexmediaserver/Library/videos/video_1280x720_17.7M_0min43sec_4.mp4,/var/lib/plexmediaserver/Library/videos/video_3840x2160_581.2M_0min43sec.mp4,7
/var/lib/plexmediaserver/Library/videos/video_1280x720_30.3M_1min15sec_2.mp4,/var/lib/plexmediaserver/Library/videos/azurebackup/immich-app/library/library/admin/2021/Feb/video_3840x2160_230.6M_1min15sec.mp4,7
/var/lib/plexmediaserver/Library/videos/video_1280x720_30.3M_1min15sec_2.mp4,/var/lib/plexmediaserver/Library/videos/azurebackup/immich-app/library/library/admin/2021/Feb/video_3840x2160_313.1M_1min15sec.mp4,1
/var/lib/plexmediaserver/Library/videos/video_1280x720_30.3M_1min15sec_2.mp4,/var/lib/plexmediaserver/Library/videos/video_3840x2160_230.6M_1min15sec.mp4,7
/var/lib/plexmediaserver/Library/videos/video_1280x720_30.3M_1min15sec_2.mp4,/var/lib/plexmediaserver/Library/videos/video_3840x2160_313.1M_1min15sec.mp4,1
/var/lib/plexmediaserver/Library/videos/video_1280x720_31.8M_1min35sec_4.mp4,/var/lib/plexmediaserver/Library/videos/azurebackup/immich-app/library/library/admin/2021/Feb/video_3840x2160_296.8M_1min35sec.mp4,9
/var/lib/plexmediaserver/Library/videos/video_1280x720_31.8M_1min35sec_4.mp4,/var/lib/plexmediaserver/Library/videos/azurebackup/immich-app/library/library/admin/2021/Feb/video_3840x2160_443.5M_1min35sec_2.mp4,8
/var/lib/plexmediaserver/Library/videos/video_1280x720_31.8M_1min35sec_4.mp4,/var/lib/plexmediaserver/Library/videos/video_1280x720_38.0M_1min35sec_2.mp4,9
/var/lib/plexmediaserver/Library/videos/video_1280x720_31.8M_1min35sec_4.mp4,/var/lib/plexmediaserver/Library/videos/video_3840x2160_296.8M_1min35sec.mp4,9
/var/lib/plexmediaserver/Library/videos/video_1280x720_31.8M_1min35sec_4.mp4,/var/lib/plexmediaserver/Library/videos/video_3840x2160_443.5M_1min35sec_2.mp4,8
/var/lib/plexmediaserver/Library/videos/video_1280x720_28.6M_1min10sec_4.mp4,/var/lib/plexmediaserver/Library/videos/azurebackup/immich-app/library/library/admin/2021/Feb/video_3840x2160_335.3M_1min10sec.mp4,0
/var/lib/plexmediaserver/Library/videos/video_1280x720_28.6M_1min10sec_4.mp4,/var/lib/plexmediaserver/Library/videos/video_3840x2160_335.3M_1min10sec.mp4,0
/var/lib/plexmediaserver/Library/videos/azurebackup/immich-app/library/library/admin/2021/Jan/video_3840x2160_34.4M_0min7sec_2.mp4,/var/lib/plexmediaserver/Library/videos/video_3840x2160_34.4M_0min7sec_2.mp4,0
/var/lib/plexmediaserver/Library/videos/video_1280x720_26.8M_1min6sec.mp4,/var/lib/plexmediaserver/Library/videos/azurebackup/immich-app/library/library/admin/2021/Jan/video_3840x2160_307.2M_1min6sec_3.mp4,1
/var/lib/plexmediaserver/Library/videos/video_1280x720_26.8M_1min6sec.mp4,/var/lib/plexmediaserver/Library/videos/video_3840x2160_307.2M_1min6sec_3.mp4,1
/var/lib/plexmediaserver/Library/videos/video_1080x1920_284.3M_3min49sec.mp4,/var/lib/plexmediaserver/Library/videos/azurebackup/immich-app/library/library/admin/2022/Apr/video_1080x1920_332.6M_3min49sec_2.mp4,1
/var/lib/plexmediaserver/Library/videos/video_1080x1920_284.3M_3min49sec.mp4,/var/lib/plexmediaserver/Library/videos/video_1080x1920_332.6M_3min49sec_2.mp4,1
/var/lib/plexmediaserver/Library/videos/video_1080x1920_284.3M_3min49sec.mp4,/var/lib/plexmediaserver/Library/videos/video_720x1280_145.0M_3min49sec.mp4,1
/var/lib/plexmediaserver/Library/videos/video_1280x720_33.1M_1min22sec.mp4,/var/lib/plexmediaserver/Library/videos/azurebackup/immich-app/library/library/admin/2021/Jan/video_3840x2160_387.3M_1min22sec_4.mp4,0
/var/lib/plexmediaserver/Library/videos/video_1280x720_33.1M_1min22sec.mp4,/var/lib/plexmediaserver/Library/videos/video_3840x2160_387.3M_1min22sec_4.mp4,0
/var/lib/plexmediaserver/Library/videos/video_1280x720_158.0M_6min_2.mp4,/var/lib/plexmediaserver/Library/videos/azurebackup/immich-app/library/library/admin/2022/Apr/video_1920x1080_399.1M_6min_2.mp4,0
/var/lib/plexmediaserver/Library/videos/video_1280x720_158.0M_6min_2.mp4,/var/lib/plexmediaserver/Library/videos/video_1920x1080_399.1M_6min_2.mp4,0
/var/lib/plexmediaserver/Library/videos/video_1280x720_25.2M_1min3sec.mp4,/var/lib/plexmediaserver/Library/videos/azurebackup/immich-app/library/library/admin/2021/Jan/video_3840x2160_392.8M_1min3sec_2.mp4,0
/var/lib/plexmediaserver/Library/videos/video_1280x720_25.2M_1min3sec.mp4,/var/lib/plexmediaserver/Library/videos/video_3840x2160_392.8M_1min3sec_2.mp4,0
/var/lib/plexmediaserver/Library/videos/azurebackup/immich-app/library/library/admin/2022/Apr/video_888x1920_24.6M_0min19sec.mp4,/var/lib/plexmediaserver/Library/videos/video_888x1920_24.6M_0min19sec.mp4,0
/var/lib/plexmediaserver/Library/videos/azurebackup/immich-app/library/library/admin/2022/Apr/video_3840x2160_2.6G_7min_4.mp4,/var/lib/plexmediaserver/Library/videos/video_1280x720_187.0M_7min_3.mp4,1
/var/lib/plexmediaserver/Library/videos/azurebackup/immich-app/library/library/admin/2022/Apr/video_3840x2160_2.6G_7min_4.mp4,/var/lib/plexmediaserver/Library/videos/video_1280x720_187.1M_7min_4.mp4,1
/var/lib/plexmediaserver/Library/videos/azurebackup/immich-app/library/library/admin/2022/Apr/video_3840x2160_2.6G_7min_4.mp4,/var/lib/plexmediaserver/Library/videos/video_1280x720_187.3M_7min_3.mp4,1
/var/lib/plexmediaserver/Library/videos/azurebackup/immich-app/library/library/admin/2022/Apr/video_3840x2160_2.6G_7min_4.mp4,/var/lib/plexmediaserver/Library/videos/video_3840x2160_2.6G_7min_4.mp4,0
/var/lib/plexmediaserver/Library/videos/azurebackup/immich-app/library/library/admin/2022/Aug/video_3840x2160_210.0M_0min27sec.mp4,/var/lib/plexmediaserver/Library/videos/video_3840x2160_210.0M_0min27sec.mp4,0
/var/lib/plexmediaserver/Library/videos/video_1280x720_124.1M_5min5sec_2.mp4,/var/lib/plexmediaserver/Library/videos/azurebackup/immich-app/library/library/admin/2022/Aug/video_3840x2160_1.8G_5min5sec_3.mp4,2
/var/lib/plexmediaserver/Library/videos/video_1280x720_124.1M_5min5sec_2.mp4,/var/lib/plexmediaserver/Library/videos/video_3840x2160_1.8G_5min5sec_3.mp4,2
/var/lib/plexmediaserver/Library/videos/azurebackup/immich-app/library/library/admin/2022/Aug/video_3840x2160_27.8M_0min4sec.mp4,/var/lib/plexmediaserver/Library/videos/video_3840x2160_27.8M_0min4sec.mp4,0
/var/lib/plexmediaserver/Library/videos/azurebackup/immich-app/library/library/admin/2023/Apr/video_640x360_57.5M_18min_4.mp4,/var/lib/plexmediaserver/Library/videos/video_640x360_57.5M_18min_4.mp4,0
/var/lib/plexmediaserver/Library/videos/azurebackup/immich-app/library/library/admin/2023/Apr/video_3840x2160_1.0G_0min12sec.mp4,/var/lib/plexmediaserver/Library/videos/video_3840x2160_1.0G_0min12sec.mp4,0
/var/lib/plexmediaserver/Library/videos/azurebackup/immich-app/library/library/admin/2023/Apr/video_3840x2160_11.5M_0min4sec.mp4,/var/lib/plexmediaserver/Library/videos/video_3840x2160_11.5M_0min4sec.mp4,0
/var/lib/plexmediaserver/Library/videos/video_1080x1080_238.2M_3min50sec_3.mp4,/var/lib/plexmediaserver/Library/videos/video_1080x1080_238.0M_3min50sec_2.mp4,0
/var/lib/plexmediaserver/Library/videos/azurebackup/immich-app/library/library/admin/2023/Apr/video_3840x2160_158.3M_0min23sec.mp4,/var/lib/plexmediaserver/Library/videos/video_3840x2160_158.3M_0min23sec.mp4,0
/var/lib/plexmediaserver/Library/videos/azurebackup/immich-app/library/library/admin/2023/Aug/video_3840x2160_65.8M_0min21sec.mp4,/var/lib/plexmediaserver/Library/videos/video_3840x2160_65.8M_0min21sec.mp4,0
/var/lib/plexmediaserver/Library/videos/video_1080x1920_1.1G_5min36sec.mp4,/var/lib/plexmediaserver/Library/videos/video_720x1280_494.3M_5min36sec.mp4,0
/var/lib/plexmediaserver/Library/videos/video_1080x1920_1.5G_14min_4.mp4,/var/lib/plexmediaserver/Library/videos/video_720x1280_719.2M_14min_4.mp4,1
/var/lib/plexmediaserver/Library/videos/video_1080x1920_176.9M_1min55sec_2.mp4,/var/lib/plexmediaserver/Library/videos/video_2160x3840_2.0G_1min55sec.mp4,7
/var/lib/plexmediaserver/Library/videos/video_1080x1920_176.9M_1min55sec_2.mp4,/var/lib/plexmediaserver/Library/videos/video_720x1280_261.7M_1min55sec_2.mp4,7
/var/lib/plexmediaserver/Library/videos/video_2160x3840_4.1G_4min10sec_2.mp4,/var/lib/plexmediaserver/Library/videos/video_1080x1920_229.6M_3min41sec.mp4,5
/var/lib/plexmediaserver/Library/videos/video_2160x3840_4.1G_4min10sec_2.mp4,/var/lib/plexmediaserver/Library/videos/video_1080x1920_229.8M_3min41sec_3.mp4,5
/var/lib/plexmediaserver/Library/videos/video_2160x3840_4.1G_4min10sec_2.mp4,/var/lib/plexmediaserver/Library/videos/video_1080x1920_66.3M_3min41sec_5.mp4,3
/var/lib/plexmediaserver/Library/videos/video_2160x3840_4.1G_4min10sec_2.mp4,/var/lib/plexmediaserver/Library/videos/video_2160x3840_3.8G_3min41sec_3.mp4,2
/var/lib/plexmediaserver/Library/videos/video_2160x3840_4.1G_4min10sec_2.mp4,/var/lib/plexmediaserver/Library/videos/video_720x1280_406.2M_3min41sec_4.mp4,2
/var/lib/plexmediaserver/Library/videos/video_2160x3840_4.1G_4min10sec_2.mp4,/var/lib/plexmediaserver/Library/videos/video_720x1280_428.8M_4min10sec.mp4,0
/var/lib/plexmediaserver/Library/videos/video_1080x1920_244.3M_1min18sec.mp4,/var/lib/plexmediaserver/Library/videos/video_720x1280_113.5M_1min18sec_3.mp4,2
/var/lib/plexmediaserver/Library/videos/video_1080x1920_31.6M_1min15sec_2.mp4,/var/lib/plexmediaserver/Library/videos/video_1080x1920_77.4M_1min15sec_4.mp4,4
/var/lib/plexmediaserver/Library/videos/video_1080x1920_31.6M_1min15sec_2.mp4,/var/lib/plexmediaserver/Library/videos/video_1080x1920_77.4M_1min15sec_6.mp4,4
/var/lib/plexmediaserver/Library/videos/video_1080x1920_31.6M_1min15sec_2.mp4,/var/lib/plexmediaserver/Library/videos/video_2160x3840_236.0M_1min15sec_2.mp4,8
/var/lib/plexmediaserver/Library/videos/video_1080x1920_31.6M_1min15sec_2.mp4,/var/lib/plexmediaserver/Library/videos/video_720x1280_33.6M_1min15sec_3.mp4,9
/var/lib/plexmediaserver/Library/videos/video_1080x1920_245.9M_2min40sec_2.mp4,/var/lib/plexmediaserver/Library/videos/video_1080x1920_245.8M_2min40sec.mp4,0
/var/lib/plexmediaserver/Library/videos/video_1080x1920_322.5M_5min11sec_2.mp4,/var/lib/plexmediaserver/Library/videos/video_1080x1920_322.4M_5min11sec.mp4,0
/var/lib/plexmediaserver/Library/videos/video_1080x1920_322.5M_5min11sec_2.mp4,/var/lib/plexmediaserver/Library/videos/video_2160x3840_3.6G_5min10sec.mp4,8
/var/lib/plexmediaserver/Library/videos/video_1080x1920_322.5M_5min11sec_2.mp4,/var/lib/plexmediaserver/Library/videos/video_720x1280_591.3M_5min10sec_2.mp4,8
/var/lib/plexmediaserver/Library/videos/video_1080x1920_34.5M_0min32sec_3.mp4,/var/lib/plexmediaserver/Library/videos/video_720x1280_16.3M_0min32sec_2.mp4,1
/var/lib/plexmediaserver/Library/videos/video_1080x1920_561.0M_6min.mp4,/var/lib/plexmediaserver/Library/videos/video_720x1280_270.3M_6min.mp4,2
/var/lib/plexmediaserver/Library/videos/video_1080x1920_432.9M_6min_3.mp4,/var/lib/plexmediaserver/Library/videos/video_1080x1920_432.7M_6min.mp4,0
/var/lib/plexmediaserver/Library/videos/video_1080x1920_432.9M_6min_3.mp4,/var/lib/plexmediaserver/Library/videos/video_2160x3840_4.2G_6min_2.mp4,7
/var/lib/plexmediaserver/Library/videos/video_1080x1920_432.9M_6min_3.mp4,/var/lib/plexmediaserver/Library/videos/video_2160x3840_5.1G_6min.mp4,6
/var/lib/plexmediaserver/Library/videos/video_1080x1920_432.9M_6min_3.mp4,/var/lib/plexmediaserver/Library/videos/video_720x1280_709.7M_6min.mp4,5
/var/lib/plexmediaserver/Library/videos/video_720x1278_18.0M_0min53sec_5.mp4,/var/lib/plexmediaserver/Library/videos/video_1080x1920_72.5M_0min53sec.mp4,2
/var/lib/plexmediaserver/Library/videos/video_720x1278_18.0M_0min53sec_5.mp4,/var/lib/plexmediaserver/Library/videos/video_720x1278_23.0M_0min53sec.mp4,5
/var/lib/plexmediaserver/Library/videos/video_720x1278_18.0M_0min53sec_5.mp4,/var/lib/plexmediaserver/Library/videos/video_720x1278_23.0M_0min53sec_2.mp4,5
/var/lib/plexmediaserver/Library/videos/video_720x1278_18.0M_0min53sec_5.mp4,/var/lib/plexmediaserver/Library/videos/video_720x1280_35.6M_0min53sec_3.mp4,2
/var/lib/plexmediaserver/Library/videos/video_1080x1920_932.9M_6min_2.mp4,/var/lib/plexmediaserver/Library/videos/video_720x1280_353.2M_6min_3.mp4,1
/var/lib/plexmediaserver/Library/videos/video_1080x1920_935.7M_6min.mp4,/var/lib/plexmediaserver/Library/videos/video_720x1280_411.9M_6min_4.mp4,1
/var/lib/plexmediaserver/Library/videos/video_3840x2160_117.0M_0min24sec_3.mp4,/var/lib/plexmediaserver/Library/videos/video_1280x720_11.9M_0min24sec.mp4,0
/var/lib/plexmediaserver/Library/videos/video_1280x720_7.4M_0min31sec_2.mp4,/var/lib/plexmediaserver/Library/videos/video_1280x720_12.1M_0min31sec.mp4,3
/var/lib/plexmediaserver/Library/videos/video_1280x720_18.2M_0min45sec_3.mp4,/var/lib/plexmediaserver/Library/videos/video_1280x720_13.5M_0min45sec.mp4,0
/var/lib/plexmediaserver/Library/videos/video_1280x720_122.7M_5min10sec_2.mp4,/var/lib/plexmediaserver/Library/videos/video_3840x2160_1.9G_5min10sec_3.mp4,2
/var/lib/plexmediaserver/Library/videos/video_1920x1080_83.6M_1min36sec.mp4,/var/lib/plexmediaserver/Library/videos/video_1280x720_15.8M_1min36sec_3.mp4,0
/var/lib/plexmediaserver/Library/videos/video_1920x1080_83.6M_1min36sec.mp4,/var/lib/plexmediaserver/Library/videos/video_1920x1080_37.7M_1min36sec_2.mp4,0
/var/lib/plexmediaserver/Library/videos/video_1280x720_133.7M_5min36sec_2.mp4,/var/lib/plexmediaserver/Library/videos/video_1920x1080_722.4M_5min36sec_3.mp4,5
/var/lib/plexmediaserver/Library/videos/video_3840x2160_2.5G_6min.mp4,/var/lib/plexmediaserver/Library/videos/video_1280x720_165.6M_6min.mp4,1
/var/lib/plexmediaserver/Library/videos/video_3840x2160_2.5G_6min.mp4,/var/lib/plexmediaserver/Library/videos/video_3840x2160_2.5G_6min_5.mp4,7
/var/lib/plexmediaserver/Library/videos/video_1280x720_229.4M_7min_3.mp4,/var/lib/plexmediaserver/Library/videos/video_1280x720_484.3M_7min_4.mp4,3
/var/lib/plexmediaserver/Library/videos/video_1280x720_229.4M_7min_3.mp4,/var/lib/plexmediaserver/Library/videos/video_3840x2160_4.0G_7min_2.mp4,3
/var/lib/plexmediaserver/Library/videos/video_1920x1080_169.1M_1min18sec_2.mp4,/var/lib/plexmediaserver/Library/videos/video_1280x720_31.6M_1min18sec_2.mp4,1
/var/lib/plexmediaserver/Library/videos/video_1280x720_35.9M_1min32sec.mp4,/var/lib/plexmediaserver/Library/videos/video_3840x2160_535.3M_1min32sec_3.mp4,1
/var/lib/plexmediaserver/Library/videos/video_3840x2160_1.7G_4min4sec.mp4,/var/lib/plexmediaserver/Library/videos/video_1280x720_385.6M_4min4sec_2.mp4,0
/var/lib/plexmediaserver/Library/videos/video_3840x2160_1.7G_4min4sec.mp4,/var/lib/plexmediaserver/Library/videos/video_3840x2160_3.1G_4min4sec_3.mp4,0
/var/lib/plexmediaserver/Library/videos/video_3840x2160_3.4G_5min5sec.mp4,/var/lib/plexmediaserver/Library/videos/video_1280x720_391.2M_5min5sec_4.mp4,0
/var/lib/plexmediaserver/Library/videos/video_1280x720_468.3M_19min.mp4,/var/lib/plexmediaserver/Library/videos/video_1920x1080_1.7G_19min_2.mp4,1
/var/lib/plexmediaserver/Library/videos/video_1280x720_59.2M_2min30sec.mp4,/var/lib/plexmediaserver/Library/videos/video_1280x720_59.0M_2min30sec_3.mp4,1
/var/lib/plexmediaserver/Library/videos/video_1280x720_59.2M_2min30sec.mp4,/var/lib/plexmediaserver/Library/videos/video_3840x2160_892.4M_2min30sec_2.mp4,2
/var/lib/plexmediaserver/Library/videos/video_1280x720_64.4M_2min40sec_3.mp4,/var/lib/plexmediaserver/Library/videos/video_3840x2160_2.1G_2min40sec.mp4,6
/var/lib/plexmediaserver/Library/videos/video_1920x1072_19.7M_0min43sec.mp4,/var/lib/plexmediaserver/Library/videos/video_1920x1072_34.6M_0min43sec_4.mp4,3
/var/lib/plexmediaserver/Library/videos/video_1920x1080_485.3M_7min.mp4,/var/lib/plexmediaserver/Library/videos/video_1920x1080_485.2M_7min.mp4,0
/var/lib/plexmediaserver/Library/videos/video_1920x1440_11.6M_0min4sec.mp4,/var/lib/plexmediaserver/Library/videos/video_1920x1440_12.0M_0min4sec.mp4,0
/var/lib/plexmediaserver/Library/videos/video_2160x3840_1.2G_2min30sec_2.mp4,/var/lib/plexmediaserver/Library/videos/video_720x1280_144.8M_2min30sec_3.mp4,0
/var/lib/plexmediaserver/Library/videos/video_2160x3840_1.9G_2min40sec.mp4,/var/lib/plexmediaserver/Library/videos/video_720x1280_133.6M_2min40sec_2.mp4,0
/var/lib/plexmediaserver/Library/videos/video_2160x3840_1.5G_3min59sec.mp4,/var/lib/plexmediaserver/Library/videos/video_720x1280_195.4M_3min59sec_4.mp4,1
/var/lib/plexmediaserver/Library/videos/video_2160x3840_109.2M_0min24sec_2.mp4,/var/lib/plexmediaserver/Library/videos/video_720x1280_15.2M_0min24sec_3.mp4,1
/var/lib/plexmediaserver/Library/videos/video_2160x3840_2.9G_5min36sec_2.mp4,/var/lib/plexmediaserver/Library/videos/video_720x1280_280.6M_5min36sec.mp4,0
/var/lib/plexmediaserver/Library/videos/video_2160x3840_230.6M_1min10sec.mp4,/var/lib/plexmediaserver/Library/videos/video_720x1280_32.0M_1min10sec.mp4,0
/var/lib/plexmediaserver/Library/videos/video_2160x3840_230.6M_1min10sec.mp4,/var/lib/plexmediaserver/Library/videos/video_720x1280_77.8M_1min10sec.mp4,3
/var/lib/plexmediaserver/Library/videos/video_404x720_44.9M_2min5sec.mp4,/var/lib/plexmediaserver/Library/videos/video_2160x3840_270.2M_2min5sec_2.mp4,0
/var/lib/plexmediaserver/Library/videos/video_404x720_44.9M_2min5sec.mp4,/var/lib/plexmediaserver/Library/videos/video_720x1280_29.7M_2min5sec_2.mp4,1
/var/lib/plexmediaserver/Library/videos/video_2160x3840_237.5M_0min48sec.mp4,/var/lib/plexmediaserver/Library/videos/video_720x1280_27.8M_0min48sec_3.mp4,1
/var/lib/plexmediaserver/Library/videos/video_2160x3840_250.6M_1min6sec.mp4,/var/lib/plexmediaserver/Library/videos/video_720x1280_41.9M_1min6sec_3.mp4,2
/var/lib/plexmediaserver/Library/videos/video_2160x3840_274.0M_0min36sec_3.mp4,/var/lib/plexmediaserver/Library/videos/video_720x1280_24.3M_0min36sec.mp4,0
/var/lib/plexmediaserver/Library/videos/video_2160x3840_325.9M_1min22sec.mp4,/var/lib/plexmediaserver/Library/videos/video_720x1280_53.4M_1min22sec_2.mp4,0
/var/lib/plexmediaserver/Library/videos/video_2160x3840_348.7M_1min35sec_2.mp4,/var/lib/plexmediaserver/Library/videos/video_720x1280_58.5M_1min35sec.mp4,0
/var/lib/plexmediaserver/Library/videos/video_2160x3840_384.8M_0min43sec.mp4,/var/lib/plexmediaserver/Library/videos/video_720x1280_34.5M_0min43sec_2.mp4,0
/var/lib/plexmediaserver/Library/videos/video_2160x3840_489.3M_1min3sec.mp4,/var/lib/plexmediaserver/Library/videos/video_720x1280_61.7M_1min3sec.mp4,1
/var/lib/plexmediaserver/Library/videos/video_2160x3840_54.2M_0min11sec_2.mp4,/var/lib/plexmediaserver/Library/videos/video_720x1280_6.9M_0min11sec.mp4,1
/var/lib/plexmediaserver/Library/videos/video_2160x3840_73.2M_0min13sec.mp4,/var/lib/plexmediaserver/Library/videos/video_720x1280_10.2M_0min13sec_2.mp4,0
/var/lib/plexmediaserver/Library/videos/video_2160x3840_734.7M_1min32sec.mp4,/var/lib/plexmediaserver/Library/videos/video_720x1280_83.1M_1min32sec_4.mp4,0
/var/lib/plexmediaserver/Library/videos/video_2160x3840_97.7M_0min16sec.mp4,/var/lib/plexmediaserver/Library/videos/video_720x1280_11.6M_0min16sec.mp4,1
/var/lib/plexmediaserver/Library/videos/video_3840x2160_51.0M_0min5sec.mp4,/var/lib/plexmediaserver/Library/videos/video_3840x2160_15.1M_0min5sec.mp4,0
/var/lib/plexmediaserver/Library/videos/video_3840x2160_16.9M_0min2sec.mp4,/var/lib/plexmediaserver/Library/videos/video_3840x2160_5.8M_0min2sec.mp4,0
/var/lib/plexmediaserver/Library/videos/video_3840x2160_16.9M_0min2sec.mp4,/var/lib/plexmediaserver/Library/videos/video_3840x2160_7.1M_0min0sec.mp4,5
/var/lib/plexmediaserver/Library/videos/video_3840x2160_41.6M_0min14sec_2.mp4,/var/lib/plexmediaserver/Library/videos/video_3840x2160_25.4M_0min8sec.mp4,4
/var/lib/plexmediaserver/Library/videos/video_3840x2160_80.7M_0min9sec.mp4,/var/lib/plexmediaserver/Library/videos/video_3840x2160_28.7M_0min9sec.mp4,0
/var/lib/plexmediaserver/Library/videos/video_720x1200_18.9M_0min59sec_3.mp4,/var/lib/plexmediaserver/Library/videos/video_720x1200_25.9M_0min58sec_2.mp4,7
/var/lib/plexmediaserver/Library/videos/video_720x1200_18.9M_0min59sec_3.mp4,/var/lib/plexmediaserver/Library/videos/video_720x1200_26.0M_0min58sec_2.mp4,7
/var/lib/plexmediaserver/Library/videos/video_720x1280_18.2M_0min45sec.mp4,/var/lib/plexmediaserver/Library/videos/video_720x1280_21.7M_0min45sec.mp4,4
/var/lib/plexmediaserver/Library/videos/video_720x1280_18.2M_0min45sec.mp4,/var/lib/plexmediaserver/Library/videos/video_720x1280_21.7M_0min45sec_4.mp4,4
/var/lib/plexmediaserver/Library/videos/video_720x1280_19.3M_0min59sec_4.mp4,/var/lib/plexmediaserver/Library/videos/video_720x1280_27.0M_0min59sec_2.mp4,7
/var/lib/plexmediaserver/Library/videos/video_720x1280_19.3M_0min59sec_4.mp4,/var/lib/plexmediaserver/Library/videos/video_720x1280_27.1M_0min59sec.mp4,8
/var/lib/plexmediaserver/Library/videos/video_720x1280_5.7M_0min12sec.mp4,/var/lib/plexmediaserver/Library/videos/video_720x1280_5.7M_0min12sec_4.mp4,0
/var/lib/plexmediaserver/Library/videos/video_886x1920_5.7M_0min11sec_2.mp4,/var/lib/plexmediaserver/Library/videos/video_886x1920_24.9M_0min11sec_2.mp4,5
/var/lib/plexmediaserver/Library/videos/video_888x1920_13.8M_0min34sec_4.mp4,/var/lib/plexmediaserver/Library/videos/video_888x1920_82.5M_0min34sec_2.mp4,3
/var/lib/plexmediaserver/Library/videos/video_888x1920_220.4M_8min_2.mp4,/var/lib/plexmediaserver/Library/videos/video_888x1920_1.1G_8min_3.mp4,3
