path,reason
/var/lib/plexmediaserver/Library/videos/Dropbox/Camera Uploads/1969-12-31 18.00.00.mov,probe/extract/hash_failed
/var/lib/plexmediaserver/Library/videos/Dropbox/Camera Uploads/2021-12-02 04.07.06.mov,probe/extract/hash_failed
/var/lib/plexmediaserver/Library/videos/Dropbox/Camera Uploads/2021-12-24 03.12.45.mov,probe/extract/hash_failed
/var/lib/plexmediaserver/Library/videos/Dropbox/Camera Uploads/2021-12-24 06.10.51.mov,probe/extract/hash_failed
/var/lib/plexmediaserver/Library/videos/Dropbox/Camera Uploads/2022-06-27 01.41.56.mov,probe/extract/hash_failed
/var/lib/plexmediaserver/Library/videos/Dropbox/Camera Uploads/2024-01-29 06.15.44-1.mov,probe/extract/hash_failed
/var/lib/plexmediaserver/Library/videos/Dropbox/Camera Uploads/2024-04-02 08.13.15.mov,probe/extract/hash_failed
/var/lib/plexmediaserver/Library/videos/Dropbox/Camera Uploads/2024-05-04 19.01.56-1.mov,probe/extract/hash_failed
/var/lib/plexmediaserver/Library/videos/Dropbox/Camera Uploads/2024-05-04 19.02.09-1.mov,probe/extract/hash_failed
/var/lib/plexmediaserver/Library/videos/Dropbox/Camera Uploads/2024-05-11 17.26.55.mov,probe/extract/hash_failed
/var/lib/plexmediaserver/Library/videos/Dropbox/Camera Uploads/2024-05-26 20.06.20.mov,probe/extract/hash_failed
